occur_date,occur_time,borough,precinct,vic_sex,latitude,longitude
12/31/2019,23:15:00,MANHATTAN,28,M,40.80024432600004,-73.95339008999997
12/31/2019,20:14:00,BROOKLYN,73,M,40.66052686300003,-73.91715616699997
12/30/2019,21:29:00,BROOKLYN,71,M,40.656923240000026,-73.93964677899999
12/30/2019,03:17:00,BROOKLYN,81,M,40.68681516500004,-73.91936988499998
12/30/2019,03:17:00,BROOKLYN,81,M,40.68681516500004,-73.91936988499998
12/29/2019,00:50:00,BROOKLYN,77,M,40.67286180100007,-73.95718142799996
12/28/2019,19:51:00,BROOKLYN,75,M,40.684281548000044,-73.87342672099999
12/28/2019,17:53:00,STATEN ISLAND,121,M,40.62657078000007,-74.16084527699995
12/28/2019,04:20:00,MANHATTAN,23,M,40.79415025600008,-73.93986908699995
12/27/2019,23:27:00,BRONX,46,M,40.85406302600006,-73.90478382299993
12/27/2019,22:40:00,QUEENS,113,M,40.706808642000055,-73.75105110599996
12/27/2019,10:11:00,BROOKLYN,73,M,40.668839045000034,-73.90764006599994
12/26/2019,04:25:00,QUEENS,114,M,40.75300814800004,-73.92389526399995
12/25/2019,22:50:00,BRONX,41,M,40.820411060000026,-73.89332824199995
12/25/2019,02:40:00,BROOKLYN,67,M,40.64174589100002,-73.95440522899997
12/25/2019,00:19:00,BROOKLYN,90,M,40.70412913900003,-73.947870547
12/24/2019,19:07:00,BROOKLYN,77,M,40.66829116100007,-73.92412169499994
12/23/2019,20:51:00,BROOKLYN,60,F,40.57978019500007,-73.99842465499995
12/23/2019,20:51:00,BROOKLYN,60,M,40.57978019500007,-73.99842465499995
12/23/2019,15:31:00,BROOKLYN,73,M,40.661794060000034,-73.90872392799997
12/23/2019,11:25:00,QUEENS,113,M,40.679125323000044,-73.77391494099999
12/23/2019,05:28:00,BRONX,48,F,40.84757900300008,-73.90031840799999
12/23/2019,05:28:00,BRONX,48,M,40.84757900300008,-73.90031840799999
12/21/2019,04:36:00,BRONX,44,M,40.818741576000036,-73.92782678799993
12/21/2019,04:30:00,BROOKLYN,78,M,40.67800757700008,-73.97305570499998
12/21/2019,03:20:00,BROOKLYN,70,M,40.65222405100008,-73.95785778499999
12/20/2019,21:36:00,BRONX,47,M,40.87233570600006,-73.86712799899993
12/19/2019,21:22:00,QUEENS,105,M,40.67337996200007,-73.75618326799997
12/19/2019,16:20:00,BROOKLYN,67,F,40.66194314900008,-73.92102913399998
12/19/2019,05:15:00,MANHATTAN,28,M,40.80186520800004,-73.95723931799995
12/18/2019,23:22:00,MANHATTAN,32,M,40.80941319900006,-73.94436716399997
12/18/2019,18:15:00,QUEENS,100,M,40.58740067900004,-73.81260554099998
12/16/2019,19:15:00,STATEN ISLAND,120,M,40.634711295000045,-74.10713802599996
12/16/2019,12:37:00,MANHATTAN,23,M,40.79501283900004,-73.93613752499994
12/15/2019,20:00:00,MANHATTAN,28,M,40.805036364000046,-73.95276183299995
12/15/2019,03:36:00,BROOKLYN,79,M,40.69407488400003,-73.947496157
12/14/2019,21:35:00,BRONX,52,M,40.86857634900008,-73.89455982599996
12/11/2019,04:00:00,BROOKLYN,60,M,40.575031251000034,-73.98988266699997
12/10/2019,23:32:00,STATEN ISLAND,122,M,40.56539505300003,-74.11191815299998
12/10/2019,23:32:00,STATEN ISLAND,122,M,40.56539505300003,-74.11191815299998
12/10/2019,23:32:00,STATEN ISLAND,122,M,40.56539505300003,-74.11191815299998
12/10/2019,21:36:00,BRONX,48,M,40.846879195000035,-73.88842801999994
12/10/2019,20:35:00,STATEN ISLAND,120,M,40.61879293100003,-74.08204929199997
12/08/2019,23:16:00,BRONX,47,M,40.88784211400008,-73.83064118999994
12/07/2019,22:40:00,BROOKLYN,70,M,40.65139047100007,-73.96020079799997
12/07/2019,00:41:00,BRONX,40,M,40.808777943000045,-73.923130702
12/07/2019,00:23:00,QUEENS,115,M,40.749926198000026,-73.86223992399994
12/06/2019,23:30:00,BRONX,47,M,40.88561885600007,-73.84836422499995
12/06/2019,23:00:00,BROOKLYN,77,M,40.67140715000005,-73.92948225299993
12/06/2019,17:40:00,BROOKLYN,75,M,40.66794473600004,-73.87604591299998
12/05/2019,14:15:00,BRONX,42,M,40.82389216900003,-73.91400444399994
12/05/2019,14:15:00,BRONX,42,M,40.82389216900003,-73.91400444399994
12/04/2019,23:12:00,BROOKLYN,67,F,40.65289404700008,-73.945438299
12/04/2019,03:30:00,QUEENS,110,M,40.738374951000026,-73.88615590799998
12/03/2019,20:45:00,BRONX,48,M,40.84464334200004,-73.88955581599998
12/03/2019,14:28:00,BROOKLYN,67,M,40.63944734500007,-73.93488836999995
12/02/2019,15:52:00,BROOKLYN,73,M,40.675221247000025,-73.91938390099993
12/02/2019,11:50:00,BROOKLYN,67,M,40.64341191200003,-73.92754078099993
12/01/2019,22:10:00,BROOKLYN,81,M,40.678959457000076,-73.92313972699995
12/01/2019,21:10:00,BROOKLYN,81,M,40.69056345100006,-73.92594259299993
12/01/2019,03:32:00,STATEN ISLAND,123,M,40.54059638700004,-74.17683949599996
12/01/2019,01:07:00,QUEENS,114,M,40.75742705300007,-73.94260579999997
11/30/2019,23:01:00,BRONX,46,M,40.84512030900004,-73.92249595899995
11/29/2019,18:17:00,BROOKLYN,84,M,40.69543880800006,-73.98322537599995
11/29/2019,14:07:00,BRONX,42,M,40.82585965700008,-73.89981617899997
11/28/2019,08:52:00,BROOKLYN,75,M,40.667974171000026,-73.88319042199998
11/28/2019,04:12:00,BRONX,50,M,40.877413096000055,-73.90590391399995
11/27/2019,23:55:00,QUEENS,113,M,40.67259514700004,-73.77514474599997
11/27/2019,23:30:00,BRONX,45,F,40.83079891400007,-73.82694879599995
11/27/2019,23:30:00,BRONX,45,M,40.83079891400007,-73.82694879599995
11/27/2019,22:24:00,BRONX,41,M,40.82414626900004,-73.89294648299993
11/27/2019,22:24:00,BRONX,41,M,40.82414626900004,-73.89294648299993
11/27/2019,15:54:00,BRONX,40,F,40.81869973000005,-73.91857061799993
11/27/2019,15:54:00,BRONX,40,F,40.81869973000005,-73.91857061799993
11/27/2019,15:54:00,BRONX,40,M,40.81869973000005,-73.91857061799993
11/27/2019,15:54:00,BRONX,40,M,40.81869973000005,-73.91857061799993
11/27/2019,00:45:00,BRONX,47,M,40.887459573000065,-73.86066017599995
11/26/2019,20:19:00,BROOKLYN,81,M,40.68753374200002,-73.93595560199999
11/25/2019,22:00:00,QUEENS,114,M,40.77270715700007,-73.93268571799997
11/23/2019,03:20:00,BROOKLYN,69,F,40.645844089000036,-73.91220873599997
11/23/2019,03:20:00,BROOKLYN,69,M,40.645844089000036,-73.91220873599997
11/21/2019,18:32:00,BRONX,49,F,40.857454424000025,-73.84754276399997
11/20/2019,23:11:00,BRONX,44,M,40.83427221300008,-73.91710967899995
11/20/2019,23:11:00,BRONX,44,M,40.83427221300008,-73.91710967899995
11/20/2019,23:11:00,BRONX,44,M,40.83427221300008,-73.91710967899995
11/20/2019,23:11:00,BRONX,44,M,40.83427221300008,-73.91710967899995
11/20/2019,17:58:00,STATEN ISLAND,122,M,40.586855984000074,-74.10082545299997
11/20/2019,14:56:00,BROOKLYN,81,M,40.68000674300004,-73.92546037999993
11/19/2019,08:45:00,BROOKLYN,75,M,40.66553377300004,-73.89424277099994
11/17/2019,21:12:00,BRONX,43,M,40.816366145000075,-73.86762631099998
11/17/2019,21:12:00,BRONX,43,M,40.816366145000075,-73.86762631099998
11/17/2019,14:45:00,MANHATTAN,23,M,40.79708858400005,-73.94274857999993
11/17/2019,02:27:00,BROOKLYN,72,M,40.64696537000003,-74.02093827699997
11/16/2019,03:44:00,BROOKLYN,79,M,40.689048255000046,-73.95861337799995
11/15/2019,20:22:00,BRONX,46,M,40.849341252000045,-73.91792586299994
11/15/2019,00:17:00,BRONX,42,M,40.83026481100006,-73.90620546899999
11/14/2019,21:01:00,MANHATTAN,34,M,40.86225524200007,-73.92629731299998
11/14/2019,00:59:00,BRONX,44,M,40.83289538100007,-73.92671649599998
11/14/2019,00:12:00,MANHATTAN,25,M,40.80925797900005,-73.93614553099997
11/13/2019,20:35:00,BROOKLYN,69,M,40.638270777000045,-73.88941816399995
11/13/2019,00:08:00,BRONX,43,M,40.830641297000064,-73.87487918899996
11/12/2019,02:24:00,BRONX,44,M,40.824144257000064,-73.91717287899995
11/10/2019,22:34:00,BRONX,44,M,40.83119531600005,-73.91327951999993
11/10/2019,19:30:00,BROOKLYN,71,M,40.66423549600006,-73.94546506699999
11/10/2019,14:03:00,BROOKLYN,63,F,40.62016320400005,-73.92700768599997
11/10/2019,14:03:00,BROOKLYN,63,F,40.62016320400005,-73.92700768599997
11/10/2019,14:03:00,BROOKLYN,63,M,40.62016320400005,-73.92700768599997
11/10/2019,14:03:00,BROOKLYN,63,M,40.62016320400005,-73.92700768599997
11/10/2019,06:50:00,MANHATTAN,19,M,40.76406937600007,-73.95505791899996
11/10/2019,02:48:00,MANHATTAN,34,F,40.86587636400003,-73.92766355499998
11/10/2019,02:48:00,MANHATTAN,34,M,40.86587636400003,-73.92766355499998
11/10/2019,02:48:00,MANHATTAN,34,M,40.86587636400003,-73.92766355499998
11/06/2019,22:36:00,BRONX,49,M,40.86970325500005,-73.86688016399995
11/06/2019,21:21:00,BROOKLYN,77,M,40.67651622300008,-73.93596257699994
11/06/2019,02:27:00,BROOKLYN,72,M,40.667056208000076,-73.99470257699994
11/05/2019,23:30:00,QUEENS,113,M,40.689657398000065,-73.78410196999994
11/05/2019,21:11:00,BROOKLYN,84,M,40.69980031700004,-73.98373278599996
11/05/2019,21:11:00,BROOKLYN,84,M,40.69980031700004,-73.98373278599996
11/04/2019,13:40:00,BRONX,40,M,40.82079045300003,-73.91375915499998
11/04/2019,13:40:00,BRONX,40,M,40.82079045300003,-73.91375915499998
11/04/2019,13:40:00,BRONX,40,M,40.82079045300003,-73.91375915499998
11/04/2019,13:40:00,BRONX,40,M,40.82079045300003,-73.91375915499998
11/04/2019,02:41:00,QUEENS,114,M,40.755443005000075,-73.94342324599995
11/03/2019,14:54:00,QUEENS,101,M,40.597284244000036,-73.761930927
11/03/2019,00:26:00,BROOKLYN,88,M,40.693869310000025,-73.96221290099999
11/02/2019,10:37:00,BRONX,47,M,40.880072125000034,-73.85069487599996
11/02/2019,02:40:00,STATEN ISLAND,120,M,40.645022746000045,-74.077216847
11/02/2019,02:09:00,MANHATTAN,23,F,40.78946330000008,-73.94763400399995
11/02/2019,00:42:00,BROOKLYN,79,M,40.69607807800003,-73.95270199199997
11/02/2019,00:24:00,BROOKLYN,90,M,40.710548430000074,-73.94072361899998
11/01/2019,05:00:00,BRONX,44,M,40.84431481700005,-73.90942043899997
10/31/2019,20:59:00,BROOKLYN,83,M,40.69034585500003,-73.90952141999998
10/31/2019,19:03:00,BRONX,42,M,40.82305580800004,-73.90452830099997
10/31/2019,19:03:00,BRONX,42,M,40.82305580800004,-73.90452830099997
10/31/2019,14:17:00,BRONX,52,M,40.86890454400003,-73.89629841699998
10/30/2019,19:55:00,BRONX,52,M,40.869764707000066,-73.891495476
10/29/2019,20:36:00,QUEENS,113,M,40.68601904400003,-73.76645659599995
10/29/2019,20:22:00,BROOKLYN,84,M,40.70140601600008,-73.983808132
10/28/2019,22:39:00,BROOKLYN,73,M,40.67483425900008,-73.91942041999994
10/28/2019,15:53:00,QUEENS,103,F,40.70638803100008,-73.79997184399997
10/28/2019,14:26:00,MANHATTAN,25,M,40.811130194000036,-73.93671450599999
10/28/2019,12:19:00,BRONX,44,M,40.83626606400002,-73.91132866299995
10/27/2019,18:14:00,BROOKLYN,79,F,40.682000963000064,-73.94822315299997
10/27/2019,17:09:00,BRONX,44,M,40.83088631600003,-73.91862797499994
10/27/2019,01:30:00,BROOKLYN,73,M,40.66304320600005,-73.90565842999997
10/26/2019,22:50:00,BROOKLYN,75,M,40.684069959000055,-73.87074095399998
10/26/2019,20:02:00,QUEENS,113,M,40.683729750000055,-73.78467642099997
10/26/2019,04:20:00,BROOKLYN,69,M,40.646394480000026,-73.90371082399997
10/26/2019,04:00:00,BRONX,48,M,40.846409037000065,-73.89337329799997
10/25/2019,21:04:00,BRONX,47,M,40.89866994400006,-73.85484547899993
10/25/2019,21:04:00,BRONX,47,M,40.89866994400006,-73.85484547899993
10/25/2019,19:43:00,BRONX,46,F,40.857790719000036,-73.89878841299998
10/25/2019,19:43:00,BRONX,46,M,40.857790719000036,-73.89878841299998
10/25/2019,19:43:00,BRONX,46,M,40.857790719000036,-73.89878841299998
10/25/2019,12:54:00,QUEENS,100,M,40.58996484000005,-73.80957751099999
10/24/2019,21:56:00,BRONX,46,M,40.85564181000007,-73.91244513899994
10/24/2019,19:43:00,BROOKLYN,75,M,40.66940464800007,-73.86363907499998
10/24/2019,00:52:00,STATEN ISLAND,121,F,40.63806398200006,-74.16610830199994
10/23/2019,19:53:00,QUEENS,113,M,40.67617271100005,-73.77997803999993
10/23/2019,15:16:00,MANHATTAN,10,M,40.74347045500008,-74.00539300399998
10/22/2019,03:04:00,QUEENS,102,M,40.68407195200007,-73.86297449699998
10/21/2019,16:00:00,MANHATTAN,20,M,40.77429060000002,-73.98711927099998
10/19/2019,10:25:00,QUEENS,103,M,40.70466945900005,-73.80782521099997
10/18/2019,14:43:00,MANHATTAN,32,F,40.81087724100007,-73.94106415099995
10/18/2019,14:43:00,MANHATTAN,32,M,40.81087724100007,-73.94106415099995
10/17/2019,12:32:00,QUEENS,105,F,40.65818237800004,-73.74867718699994
10/15/2019,22:55:00,BROOKLYN,63,M,40.62283851900003,-73.91761360499999
10/13/2019,02:30:00,BROOKLYN,81,M,40.69426487000004,-73.93280818499993
10/13/2019,02:30:00,BROOKLYN,81,M,40.69426487000004,-73.93280818499993
10/13/2019,01:55:00,MANHATTAN,17,M,40.744099446000064,-73.97634911099993
10/12/2019,18:02:00,MANHATTAN,28,M,40.80732404600008,-73.94941886199997
10/12/2019,06:55:00,BROOKLYN,77,F,40.676216571000055,-73.93042172099996
10/12/2019,06:55:00,BROOKLYN,77,F,40.676216571000055,-73.93042172099996
10/12/2019,06:55:00,BROOKLYN,77,F,40.676216571000055,-73.93042172099996
10/12/2019,06:55:00,BROOKLYN,77,F,40.676216571000055,-73.93042172099996
10/12/2019,06:55:00,BROOKLYN,77,M,40.676216571000055,-73.93042172099996
10/12/2019,06:55:00,BROOKLYN,77,M,40.676216571000055,-73.93042172099996
10/12/2019,06:55:00,BROOKLYN,77,M,40.676216571000055,-73.93042172099996
10/12/2019,06:55:00,BROOKLYN,77,M,40.676216571000055,-73.93042172099996
10/12/2019,06:55:00,BROOKLYN,77,M,40.676216571000055,-73.93042172099996
10/12/2019,06:55:00,BROOKLYN,77,M,40.676216571000055,-73.93042172099996
10/12/2019,06:55:00,BROOKLYN,77,M,40.676216571000055,-73.93042172099996
10/12/2019,06:55:00,BROOKLYN,77,M,40.676216571000055,-73.93042172099996
10/12/2019,06:30:00,BRONX,42,M,40.83061151500005,-73.90728181399999
10/12/2019,02:50:00,MANHATTAN,18,F,40.76292445400002,-73.98564864699993
10/11/2019,23:14:00,QUEENS,113,M,40.684420223000075,-73.78257211399993
10/11/2019,22:15:00,MANHATTAN,10,F,40.748954585000035,-74.00123937099994
10/10/2019,21:54:00,BROOKLYN,71,M,40.65606750000006,-73.95996734599998
10/09/2019,13:38:00,QUEENS,105,M,40.753532458000045,-73.70659676099996
10/09/2019,13:00:00,QUEENS,105,M,40.74174848400003,-73.70204752099994
10/07/2019,16:21:00,BROOKLYN,60,F,40.57978019500007,-73.99842465499995
10/07/2019,13:27:00,BRONX,43,M,40.81824648100008,-73.85414296999993
10/06/2019,21:54:00,MANHATTAN,23,M,40.79124111900006,-73.94597136299996
10/06/2019,17:00:00,BROOKLYN,79,M,40.68786431700005,-73.94939048399993
10/06/2019,13:49:00,BROOKLYN,67,M,40.640172009000025,-73.94552436799995
10/06/2019,01:09:00,BROOKLYN,77,F,40.674885741000026,-73.96007501899999
10/06/2019,01:09:00,BROOKLYN,77,M,40.674885741000026,-73.96007501899999
10/05/2019,21:50:00,MANHATTAN,25,M,40.800334261000046,-73.94565697199994
10/05/2019,04:38:00,BRONX,40,M,40.815946755000034,-73.90762016499998
10/05/2019,02:15:00,BRONX,40,M,40.80091171200007,-73.91550779499994
10/05/2019,00:34:00,BRONX,49,M,40.857454424000025,-73.84754276399997
10/04/2019,18:34:00,BRONX,44,M,40.834516921000045,-73.91770925599997
10/04/2019,01:51:00,BRONX,43,M,40.83350852400008,-73.86663818999993
10/03/2019,21:39:00,BROOKLYN,79,M,40.682177387000024,-73.949935623
10/03/2019,14:27:00,BROOKLYN,73,M,40.66123156200007,-73.91249125199994
10/03/2019,01:45:00,BROOKLYN,67,M,40.64465170600005,-73.92620615399994
10/03/2019,00:38:00,MANHATTAN,33,M,40.840183525000036,-73.93764097999998
10/02/2019,20:14:00,BRONX,44,M,40.842979335000045,-73.91457972899997
10/02/2019,16:47:00,BROOKLYN,81,M,40.68121734900007,-73.92570780199995
10/02/2019,13:26:00,BROOKLYN,79,M,40.69579171600003,-73.939095905
10/01/2019,13:10:00,QUEENS,103,M,40.699021834000064,-73.79572395699995
09/30/2019,13:49:00,MANHATTAN,23,M,40.799665264000055,-73.94719977999995
09/30/2019,13:49:00,MANHATTAN,23,M,40.799665264000055,-73.94719977999995
09/29/2019,23:15:00,BRONX,52,M,40.86275525800004,-73.904493002
09/29/2019,18:30:00,STATEN ISLAND,120,M,40.621570706000064,-74.07804344
09/29/2019,00:35:00,BRONX,47,M,40.88649666100008,-73.84591741799994
09/28/2019,01:17:00,BRONX,42,M,40.83855936400005,-73.89660592299998
09/27/2019,23:29:00,BROOKLYN,75,M,40.671634710000035,-73.87442765599997
09/27/2019,21:45:00,QUEENS,101,F,40.59368532700007,-73.75907037999998
09/27/2019,20:40:00,BROOKLYN,75,F,40.66762987300007,-73.89625447799993
09/27/2019,20:40:00,BROOKLYN,75,M,40.66762987300007,-73.89625447799993
09/27/2019,20:40:00,BROOKLYN,75,M,40.66762987300007,-73.89625447799993
09/27/2019,20:03:00,QUEENS,101,M,40.59646293100008,-73.77246640899993
09/27/2019,20:03:00,QUEENS,101,M,40.59646293100008,-73.77246640899993
09/27/2019,20:03:00,QUEENS,101,M,40.59646293100008,-73.77246640899993
09/27/2019,20:03:00,QUEENS,101,M,40.59646293100008,-73.77246640899993
09/26/2019,19:00:00,BROOKLYN,84,M,40.694374168000024,-73.98566339999995
09/26/2019,14:00:00,MANHATTAN,25,M,40.799631850000026,-73.94616681699993
09/26/2019,02:30:00,BRONX,40,M,40.812525348000065,-73.92442689199999
09/25/2019,19:15:00,BROOKLYN,69,M,40.64488058200004,-73.89268997599999
09/24/2019,22:51:00,BROOKLYN,71,F,40.65775788800004,-73.95177405399994
09/24/2019,21:00:00,BRONX,42,M,40.832416753000075,-73.89071440599997
09/24/2019,17:45:00,BROOKLYN,73,M,40.67005407200002,-73.92117453999998
09/24/2019,16:35:00,BRONX,46,M,40.84799365100001,-73.91799620099994
09/23/2019,19:50:00,BROOKLYN,81,M,40.67918825200008,-73.92054002199995
09/23/2019,17:48:00,BROOKLYN,70,F,40.64085528000004,-73.95820727299997
09/23/2019,17:48:00,BROOKLYN,70,F,40.64085528000004,-73.95820727299997
09/23/2019,11:45:00,MANHATTAN,23,M,40.795847213000044,-73.94691026399995
09/23/2019,11:45:00,MANHATTAN,23,M,40.795847213000044,-73.94691026399995
09/23/2019,02:10:00,MANHATTAN,30,M,40.82048727700004,-73.95494033399994
09/23/2019,00:23:00,BRONX,50,M,40.870041281000056,-73.90311219699998
09/22/2019,20:38:00,BRONX,42,M,40.82449489700008,-73.91252947799995
09/22/2019,20:30:00,BROOKLYN,67,M,40.638706899000056,-73.94681909099995
09/22/2019,20:17:00,QUEENS,113,M,40.700315647000025,-73.76598816099995
09/22/2019,20:17:00,QUEENS,113,M,40.700315647000025,-73.76598816099995
09/22/2019,03:40:00,BRONX,45,M,40.81689486900007,-73.83880601299995
09/21/2019,22:49:00,QUEENS,113,M,40.688914490000045,-73.75444613099995
09/21/2019,20:45:00,BROOKLYN,67,M,40.64047529100003,-73.94846436099994
09/21/2019,20:45:00,BROOKLYN,67,M,40.64047529100003,-73.94846436099994
09/21/2019,20:45:00,BROOKLYN,67,M,40.64047529100003,-73.94846436099994
09/18/2019,19:47:00,BRONX,44,M,40.834823081000025,-73.91597788499998
09/18/2019,00:30:00,MANHATTAN,28,M,40.80027140300007,-73.95248348799998
09/17/2019,22:37:00,BRONX,44,M,40.824144257000064,-73.91717287899995
09/17/2019,08:51:00,STATEN ISLAND,120,F,40.617875887000025,-74.08244438599995
09/17/2019,00:44:00,QUEENS,108,M,40.74526492500007,-73.90503314699998
09/16/2019,19:33:00,MANHATTAN,25,F,40.80093037300003,-73.94109824099995
09/16/2019,00:20:00,BROOKLYN,88,M,40.69501525100002,-73.97809388299999
09/15/2019,23:20:00,BROOKLYN,88,F,40.69703399000008,-73.97163074399998
09/15/2019,18:55:00,MANHATTAN,32,M,40.82102539800008,-73.93760473699997
09/15/2019,05:44:00,BRONX,52,M,40.863813486000026,-73.89073873399997
09/15/2019,00:46:00,BRONX,43,M,40.82295411300004,-73.86818046599996
09/14/2019,05:33:00,BROOKLYN,83,M,40.693007599000055,-73.91218269899997
09/14/2019,00:09:00,MANHATTAN,34,M,40.85204555700005,-73.93174513099996
09/13/2019,20:47:00,BROOKLYN,79,M,40.68639573400003,-73.949095931
09/13/2019,17:53:00,BRONX,42,M,40.82518840900008,-73.90447465599993
09/12/2019,20:20:00,BRONX,47,M,40.88735603500004,-73.85902567999993
09/12/2019,05:52:00,MANHATTAN,32,M,40.82305625200007,-73.94242273799993
09/12/2019,01:20:00,BROOKLYN,77,M,40.665926040000045,-73.92546530099996
09/12/2019,01:20:00,BROOKLYN,77,M,40.665926040000045,-73.92546530099996
09/11/2019,23:53:00,BROOKLYN,77,M,40.67508142100007,-73.92363809599993
09/11/2019,21:10:00,QUEENS,105,M,40.66601566000002,-73.77927619999997
09/11/2019,20:00:00,BROOKLYN,67,M,40.65549899200005,-73.91795169699995
09/10/2019,22:11:00,MANHATTAN,23,M,40.792130892000046,-73.936172792
09/08/2019,20:19:00,QUEENS,113,M,40.69086117800003,-73.75863991899995
09/07/2019,23:48:00,MANHATTAN,26,M,40.812950638000075,-73.95588109399995
09/06/2019,16:52:00,BROOKLYN,83,M,40.69205542900005,-73.91253013099998
09/06/2019,16:52:00,BROOKLYN,83,M,40.69205542900005,-73.91253013099998
09/06/2019,16:00:00,BROOKLYN,77,M,40.67081759000007,-73.93511008699994
09/05/2019,20:48:00,BROOKLYN,67,M,40.64374258000004,-73.95073198799997
09/04/2019,20:30:00,BROOKLYN,73,M,40.67119007600007,-73.90952938099997
09/04/2019,20:00:00,BROOKLYN,75,M,40.66713587700008,-73.86697804199997
09/04/2019,00:48:00,BRONX,42,M,40.82441491600008,-73.91569835799999
09/02/2019,23:44:00,STATEN ISLAND,122,M,40.610879854000075,-74.11676658399993
09/02/2019,21:05:00,BROOKLYN,79,M,40.68639573400003,-73.949095931
09/02/2019,20:25:00,BRONX,48,F,40.85451099000005,-73.89291929999997
09/02/2019,12:09:00,BRONX,47,M,40.883235548000066,-73.86299798899995
09/02/2019,05:30:00,BRONX,48,M,40.841183585000074,-73.87989381599994
09/02/2019,04:17:00,QUEENS,102,M,40.69761867900007,-73.82004575599996
09/02/2019,04:17:00,QUEENS,102,M,40.69761867900007,-73.82004575599996
09/02/2019,04:17:00,QUEENS,102,M,40.69761867900007,-73.82004575599996
09/02/2019,04:17:00,QUEENS,102,M,40.69761867900007,-73.82004575599996
09/02/2019,03:42:00,BROOKLYN,83,M,40.69577536400004,-73.90652809699995
09/02/2019,02:57:00,BROOKLYN,70,F,40.63935281700003,-73.95537251499997
09/02/2019,02:57:00,BROOKLYN,70,F,40.63935281700003,-73.95537251499997
09/02/2019,02:57:00,BROOKLYN,70,M,40.63935281700003,-73.95537251499997
09/02/2019,02:57:00,BROOKLYN,70,M,40.63935281700003,-73.95537251499997
09/01/2019,00:05:00,QUEENS,101,M,40.592451366000034,-73.78602574499998
08/31/2019,15:50:00,BROOKLYN,81,M,40.68807093600003,-73.93456684899995
08/31/2019,07:42:00,BRONX,45,M,40.84262515300003,-73.85205834399994
08/31/2019,06:05:00,BROOKLYN,72,M,40.64518571800004,-74.00666069199998
08/31/2019,02:45:00,QUEENS,105,M,40.703936154000075,-73.73324843399995
08/30/2019,22:49:00,QUEENS,104,M,40.711937611000046,-73.90447463599996
08/30/2019,22:35:00,QUEENS,106,M,40.674588380000046,-73.80393908099995
08/30/2019,20:30:00,BRONX,44,M,40.84486682000005,-73.90982448999995
08/30/2019,19:15:00,BROOKLYN,67,M,40.63805647100002,-73.92697009899997
08/30/2019,17:44:00,BROOKLYN,75,M,40.684281548000044,-73.87342672099999
08/30/2019,17:15:00,BROOKLYN,83,M,40.69044044900005,-73.90766784
08/30/2019,01:47:00,QUEENS,103,M,40.693685878000046,-73.80035253199995
08/29/2019,20:45:00,QUEENS,103,M,40.70433647000005,-73.79770578099993
08/29/2019,20:45:00,QUEENS,103,M,40.70433647000005,-73.79770578099993
08/28/2019,15:20:00,MANHATTAN,28,M,40.80027140300007,-73.95248348799998
08/28/2019,00:29:00,BRONX,52,F,40.86350728100007,-73.90446299999998
08/27/2019,21:50:00,BRONX,49,M,40.84145059700006,-73.86804261899994
08/27/2019,21:33:00,BROOKLYN,71,M,40.660436625000045,-73.93977335499993
08/27/2019,14:20:00,BRONX,44,M,40.83021160200008,-73.91182094199995
08/27/2019,01:00:00,QUEENS,113,F,40.682499421000045,-73.78726915499993
08/26/2019,21:25:00,QUEENS,105,M,40.65092724700002,-73.73494154499997
08/26/2019,21:20:00,BRONX,40,M,40.81264236700008,-73.91509552299993
08/26/2019,15:47:00,QUEENS,113,M,40.672085081000034,-73.75649442199995
08/26/2019,03:23:00,MANHATTAN,5,M,40.72135294100008,-73.99033666499997
08/25/2019,20:20:00,BROOKLYN,62,F,40.60588050000007,-73.99873015699995
08/25/2019,17:00:00,QUEENS,110,M,40.73455764800008,-73.88405877499997
08/25/2019,04:29:00,BROOKLYN,60,M,40.583388831000036,-73.986522456
08/25/2019,03:20:00,BRONX,52,M,40.87348021900005,-73.87961129699994
08/25/2019,01:20:00,QUEENS,115,M,40.75197560600003,-73.86377323599999
08/25/2019,00:59:00,QUEENS,110,M,40.73817137200007,-73.86075225699994
08/24/2019,20:15:00,QUEENS,103,M,40.691290713000065,-73.79779584499995
08/24/2019,02:10:00,MANHATTAN,5,M,40.72229427400004,-73.98900890899995
08/24/2019,00:50:00,BRONX,47,M,40.880992555000034,-73.86251079699997
08/23/2019,22:10:00,QUEENS,103,M,40.697805308000056,-73.80814071699997
08/23/2019,19:18:00,BROOKLYN,63,M,40.63630990100006,-73.92146300499998
08/23/2019,17:58:00,BRONX,40,M,40.80791877300004,-73.91901728199997
08/23/2019,17:58:00,BRONX,40,M,40.80791877300004,-73.91901728199997
08/22/2019,23:47:00,MANHATTAN,9,M,40.730667809000074,-73.98307939999995
08/22/2019,19:40:00,QUEENS,113,M,40.66753798700007,-73.76356183699994
08/22/2019,18:03:00,BRONX,46,M,40.85454734900002,-73.91333944399997
08/22/2019,18:03:00,BRONX,46,M,40.85454734900002,-73.91333944399997
08/21/2019,23:34:00,STATEN ISLAND,120,M,40.634411467000064,-74.11896229899995
08/21/2019,03:42:00,BROOKLYN,73,M,40.662565245000046,-73.91962987899994
08/21/2019,01:30:00,BRONX,49,M,40.85556779000007,-73.86666264199994
08/20/2019,22:11:00,BROOKLYN,60,M,40.57767409600008,-73.98605562899995
08/20/2019,21:25:00,BROOKLYN,73,M,40.66473194200007,-73.92117001499997
08/20/2019,20:08:00,QUEENS,103,M,40.69382354100002,-73.800597338
08/20/2019,00:29:00,QUEENS,105,M,40.66428299800003,-73.77188182599998
08/19/2019,01:26:00,BRONX,42,M,40.82880838400007,-73.89466620499995
08/18/2019,03:52:00,BRONX,43,M,40.81572025100007,-73.86450258499997
08/18/2019,02:30:00,BROOKLYN,73,M,40.66486580000004,-73.92024708999998
08/18/2019,02:30:00,BROOKLYN,73,M,40.66486580000004,-73.92024708999998
08/17/2019,22:19:00,BROOKLYN,83,M,40.69151240700006,-73.90955229099995
08/17/2019,04:47:00,BRONX,40,M,40.821466074000064,-73.91810115099996
08/16/2019,22:25:00,BRONX,52,M,40.86565846400004,-73.89131055799999
08/16/2019,22:25:00,BRONX,52,M,40.86565846400004,-73.89131055799999
08/16/2019,22:19:00,BROOKLYN,73,M,40.670168236000045,-73.91572748899993
08/16/2019,16:45:00,MANHATTAN,24,M,40.796444217000044,-73.96491761499993
08/16/2019,03:06:00,BROOKLYN,75,F,40.66904549700007,-73.88135010699995
08/15/2019,22:59:00,MANHATTAN,30,M,40.82502272800008,-73.945000882
08/15/2019,00:26:00,BRONX,41,M,40.824178317000076,-73.89802295699997
08/14/2019,23:14:00,BROOKLYN,83,M,40.696018140000035,-73.93172454799998
08/14/2019,17:10:00,BROOKLYN,75,M,40.683761854000075,-73.88564701099993
08/13/2019,23:49:00,BROOKLYN,62,M,40.60894803700006,-73.98372250599994
08/13/2019,23:49:00,BROOKLYN,62,M,40.60894803700006,-73.98372250599994
08/13/2019,23:40:00,MANHATTAN,30,M,40.82922409500002,-73.94336412599996
08/13/2019,15:55:00,QUEENS,105,M,40.67764073700005,-73.74271647099994
08/13/2019,03:45:00,BRONX,46,M,40.84676363700004,-73.91011107099996
08/12/2019,19:38:00,MANHATTAN,25,M,40.79863064400007,-73.93659275299996
08/12/2019,16:21:00,BROOKLYN,75,M,40.661774156000035,-73.89809461399994
08/12/2019,16:21:00,BROOKLYN,75,M,40.661774156000035,-73.89809461399994
08/12/2019,03:10:00,MANHATTAN,20,M,40.77429060000002,-73.98711927099998
08/11/2019,23:42:00,BRONX,49,M,40.86858934000002,-73.86725479999996
08/11/2019,23:42:00,BRONX,49,M,40.86858934000002,-73.86725479999996
08/11/2019,23:30:00,BROOKLYN,63,M,40.60262094700005,-73.914663965
08/11/2019,04:20:00,BROOKLYN,75,F,40.661487692000044,-73.87233098799999
08/11/2019,04:20:00,BROOKLYN,75,M,40.661487692000044,-73.87233098799999
08/11/2019,04:00:00,QUEENS,113,M,40.68844691900005,-73.79612414799993
08/11/2019,03:40:00,BROOKLYN,75,F,40.67611797400008,-73.90078017499997
08/11/2019,03:40:00,BROOKLYN,75,M,40.67611797400008,-73.90078017499997
08/11/2019,02:47:00,BROOKLYN,75,M,40.669050105000046,-73.87035911599996
08/11/2019,02:17:00,MANHATTAN,13,M,40.74095063100003,-73.99212733199995
08/10/2019,23:37:00,BRONX,48,M,40.83946674600002,-73.88948128799996
08/10/2019,22:51:00,BROOKLYN,67,M,40.64433272300005,-73.93927980499996
08/10/2019,22:00:00,QUEENS,114,M,40.77533592200007,-73.93628998399998
08/10/2019,16:50:00,BRONX,40,M,40.81698058400008,-73.92115225499998
08/08/2019,22:28:00,BROOKLYN,67,M,40.65120677600004,-73.941425027
08/08/2019,00:13:00,STATEN ISLAND,121,M,40.635920928000075,-74.16943934199999
08/06/2019,18:30:00,BROOKLYN,73,M,40.67003008100005,-73.90404439699995
08/06/2019,14:45:00,BRONX,44,M,40.83202215400007,-73.91795806799998
08/06/2019,00:27:00,STATEN ISLAND,120,M,40.63953693600007,-74.08730302399994
08/05/2019,20:46:00,QUEENS,114,M,40.75524058600007,-73.94484914899994
08/05/2019,16:45:00,BROOKLYN,73,M,40.662767503000055,-73.90752952599996
08/05/2019,01:52:00,BROOKLYN,77,F,40.67117671300008,-73.92532965699995
08/05/2019,01:52:00,BROOKLYN,77,F,40.67117671300008,-73.92532965699995
08/05/2019,01:52:00,BROOKLYN,77,M,40.67117671300008,-73.92532965699995
08/05/2019,01:52:00,BROOKLYN,77,M,40.67117671300008,-73.92532965699995
08/05/2019,01:45:00,BRONX,48,M,40.84252117200003,-73.88077326199993
08/04/2019,06:44:00,BROOKLYN,73,F,40.66983535600008,-73.91469332599996
08/04/2019,04:00:00,BROOKLYN,79,M,40.679308959000025,-73.94961690299994
08/04/2019,03:47:00,MANHATTAN,26,M,40.81043801200008,-73.952837473
08/04/2019,03:47:00,MANHATTAN,26,M,40.81043801200008,-73.952837473
08/03/2019,23:23:00,BROOKLYN,75,F,40.67301906900008,-73.87036942699996
08/03/2019,22:05:00,MANHATTAN,23,M,40.79898610500004,-73.94461786899996
08/03/2019,18:01:00,BRONX,42,M,40.83186604400004,-73.897769064
08/03/2019,02:45:00,BRONX,46,M,40.852645755000026,-73.92169917899997
07/31/2019,15:35:00,QUEENS,115,M,40.752788232000064,-73.86626921999994
07/30/2019,21:44:00,MANHATTAN,23,M,40.796126551000036,-73.94557011499995
07/30/2019,03:22:00,QUEENS,113,M,40.67803628700005,-73.78134910699998
07/29/2019,22:37:00,BRONX,42,F,40.83593960600007,-73.88646598899999
07/29/2019,22:05:00,BRONX,41,M,40.82377925000004,-73.89992047999993
07/29/2019,14:15:00,BRONX,48,M,40.85140742400005,-73.88508408799999
07/29/2019,02:18:00,BROOKLYN,81,M,40.67943445800007,-73.93211287499997
07/28/2019,22:40:00,BRONX,44,M,40.83976812900005,-73.91472118499998
07/28/2019,21:49:00,BRONX,45,M,40.84253385300008,-73.84523135199998
07/28/2019,20:14:00,BRONX,46,M,40.85143811800003,-73.91780037699993
07/28/2019,20:14:00,BRONX,46,M,40.85143811800003,-73.91780037699993
07/28/2019,14:35:00,MANHATTAN,30,M,40.81860066000007,-73.95246317599998
07/28/2019,04:00:00,BRONX,50,M,40.88311992000007,-73.90332096899994
07/28/2019,01:54:00,BROOKLYN,69,M,40.63434976900004,-73.90632950099996
07/28/2019,01:40:00,QUEENS,106,M,40.67422773900006,-73.85727348699999
07/28/2019,00:35:00,BRONX,41,M,40.814821817000045,-73.88654175399995
07/27/2019,22:53:00,BROOKLYN,73,F,40.657236613000066,-73.90075779799997
07/27/2019,22:53:00,BROOKLYN,73,F,40.657236613000066,-73.90075779799997
07/27/2019,22:53:00,BROOKLYN,73,F,40.657236613000066,-73.90075779799997
07/27/2019,22:53:00,BROOKLYN,73,F,40.657236613000066,-73.90075779799997
07/27/2019,22:53:00,BROOKLYN,73,M,40.657236613000066,-73.90075779799997
07/27/2019,22:53:00,BROOKLYN,73,M,40.657236613000066,-73.90075779799997
07/27/2019,22:53:00,BROOKLYN,73,M,40.657236613000066,-73.90075779799997
07/27/2019,22:53:00,BROOKLYN,73,M,40.657236613000066,-73.90075779799997
07/27/2019,22:53:00,BROOKLYN,73,M,40.657236613000066,-73.90075779799997
07/27/2019,22:53:00,BROOKLYN,73,M,40.657236613000066,-73.90075779799997
07/27/2019,09:08:00,BROOKLYN,75,M,40.664701666000035,-73.86733253799997
07/27/2019,01:15:00,BROOKLYN,73,M,40.684194302000044,-73.91608474599997
07/27/2019,00:30:00,MANHATTAN,33,M,40.83406831000008,-73.94294803999998
07/26/2019,21:15:00,BROOKLYN,79,M,40.68419972300006,-73.94866132899993
07/26/2019,03:35:00,BROOKLYN,75,M,40.675494798000045,-73.90065131699998
07/25/2019,17:49:00,BROOKLYN,71,M,40.669900788000064,-73.95883073299996
07/25/2019,02:17:00,QUEENS,113,M,40.69182345000007,-73.75420823699994
07/25/2019,02:17:00,QUEENS,113,M,40.69182345000007,-73.75420823699994
07/25/2019,02:17:00,QUEENS,113,M,40.69182345000007,-73.75420823699994
07/25/2019,02:17:00,QUEENS,113,M,40.69182345000007,-73.75420823699994
07/24/2019,23:20:00,BROOKLYN,83,M,40.68708841900008,-73.91389240999997
07/24/2019,19:56:00,BRONX,44,M,40.828473961000036,-73.91898142499997
07/24/2019,19:50:00,BROOKLYN,79,F,40.67919247000003,-73.94127786699994
07/24/2019,17:00:00,QUEENS,109,M,40.79149108400002,-73.81941282399998
07/24/2019,13:20:00,BRONX,47,M,40.87324459100006,-73.84135960699997
07/23/2019,19:49:00,BROOKLYN,69,M,40.633127726000055,-73.89304393799993
07/23/2019,02:10:00,BROOKLYN,90,M,40.70908739400005,-73.95748999799997
07/22/2019,22:27:00,BRONX,44,M,40.83722861900003,-73.90678471699994
07/21/2019,22:33:00,BRONX,45,M,40.821584683000026,-73.82141588799993
07/21/2019,15:22:00,MANHATTAN,23,M,40.79585588600002,-73.94787095499998
07/21/2019,02:00:00,BROOKLYN,75,M,40.65449240100002,-73.886533307
07/21/2019,01:58:00,BROOKLYN,60,M,40.57557363000007,-73.98120362499998
07/20/2019,05:00:00,QUEENS,114,M,40.75493348100008,-73.91039019299996
07/19/2019,23:50:00,BRONX,46,M,40.84932069000007,-73.91235948099995
07/19/2019,23:50:00,BRONX,46,M,40.84932069000007,-73.91235948099995
07/19/2019,20:54:00,BRONX,42,M,40.827285732000064,-73.90490886099997
07/19/2019,18:44:00,BRONX,46,M,40.85590689000002,-73.89769596199994
07/17/2019,16:38:00,QUEENS,114,M,40.75416455100003,-73.94465152299993
07/17/2019,07:33:00,MANHATTAN,25,M,40.806617895000045,-73.93676575499995
07/16/2019,21:30:00,MANHATTAN,23,M,40.79708858400005,-73.94274857999993
07/16/2019,21:30:00,MANHATTAN,23,M,40.79708858400005,-73.94274857999993
07/15/2019,17:35:00,MANHATTAN,25,M,40.79930825400004,-73.94112857099998
07/15/2019,01:00:00,MANHATTAN,25,M,40.799232486000044,-73.93305619799997
07/15/2019,01:00:00,MANHATTAN,25,M,40.799232486000044,-73.93305619799997
07/15/2019,00:07:00,BROOKLYN,73,M,40.66150226400004,-73.90766103699997
07/14/2019,22:43:00,BROOKLYN,73,M,40.667573424000075,-73.90729576599993
07/14/2019,03:45:00,BRONX,45,M,40.83079891400007,-73.82694879599995
07/14/2019,02:22:00,MANHATTAN,25,M,40.81052442400005,-73.93821424599997
07/14/2019,01:30:00,BROOKLYN,81,M,40.683045618000044,-73.92609516299996
07/14/2019,00:28:00,BROOKLYN,73,M,40.662767503000055,-73.90752952599996
07/14/2019,00:03:00,BROOKLYN,67,M,40.663569288000076,-73.92284026399994
07/14/2019,00:03:00,BROOKLYN,67,M,40.663569288000076,-73.92284026399994
07/13/2019,23:25:00,BROOKLYN,81,M,40.67805543000002,-73.93018906599998
07/13/2019,22:56:00,BRONX,48,M,40.84507992600004,-73.89264894999997
07/13/2019,21:43:00,BRONX,46,M,40.85004960500004,-73.90074122799997
07/13/2019,02:45:00,MANHATTAN,9,M,40.720813298000046,-73.97813591099998
07/13/2019,02:45:00,MANHATTAN,9,M,40.720813298000046,-73.97813591099998
07/13/2019,02:45:00,MANHATTAN,9,M,40.720813298000046,-73.97813591099998
07/13/2019,00:43:00,MANHATTAN,23,F,40.788845063000046,-73.94617553799998
07/13/2019,00:43:00,MANHATTAN,23,M,40.788845063000046,-73.94617553799998
07/13/2019,00:43:00,MANHATTAN,23,M,40.788845063000046,-73.94617553799998
07/12/2019,22:50:00,QUEENS,115,M,40.75211177400007,-73.87242800499997
07/12/2019,22:35:00,QUEENS,113,F,40.68397606800004,-73.78283677199995
07/12/2019,01:50:00,QUEENS,109,M,40.74294374700002,-73.82772191799995
07/11/2019,21:45:00,BRONX,46,M,40.85837313300004,-73.89940208399997
07/11/2019,21:45:00,BRONX,46,M,40.85837313300004,-73.89940208399997
07/10/2019,02:56:00,BROOKLYN,69,M,40.64929346200007,-73.89791186799994
07/10/2019,02:56:00,BROOKLYN,69,M,40.64929346200007,-73.89791186799994
07/09/2019,10:00:00,QUEENS,114,F,40.76187046200005,-73.93191334299998
07/08/2019,23:32:00,BRONX,48,M,40.85284199500006,-73.88417430999993
07/08/2019,23:32:00,BRONX,48,M,40.85284199500006,-73.88417430999993
07/08/2019,17:40:00,BROOKLYN,71,M,40.66790942700004,-73.93260042799993
07/08/2019,17:40:00,BROOKLYN,71,M,40.66790942700004,-73.93260042799993
07/07/2019,20:20:00,QUEENS,102,F,40.70059287300006,-73.81585419699995
07/07/2019,10:50:00,BROOKLYN,60,F,40.574301425000044,-73.99407278899997
07/07/2019,00:30:00,STATEN ISLAND,120,M,40.63544471700004,-74.12043775599993
07/06/2019,23:45:00,MANHATTAN,28,M,40.79766057200004,-73.95106232399995
07/06/2019,00:03:00,BROOKLYN,67,M,40.652572760000055,-73.951219199
07/05/2019,23:12:00,QUEENS,105,M,40.664216205000045,-73.74903292999993
07/05/2019,21:25:00,BRONX,47,M,40.87813788000005,-73.86943433699997
07/05/2019,21:25:00,BRONX,47,M,40.87813788000005,-73.86943433699997
07/05/2019,17:20:00,BRONX,41,M,40.815402050000046,-73.88766070399998
07/05/2019,17:20:00,BRONX,41,M,40.815402050000046,-73.88766070399998
07/05/2019,10:48:00,BRONX,46,M,40.85131986700002,-73.92141156699995
07/05/2019,04:25:00,BRONX,52,M,40.87147697300003,-73.89104432799998
07/05/2019,04:15:00,BRONX,44,M,40.82921401300007,-73.917542369
07/05/2019,04:10:00,MANHATTAN,28,M,40.80707632000008,-73.94784771899998
07/05/2019,04:02:00,BRONX,42,M,40.834571796000034,-73.88831133599997
07/05/2019,03:36:00,BROOKLYN,71,M,40.66531300600008,-73.93284095299998
07/05/2019,02:45:00,MANHATTAN,25,M,40.80093037300003,-73.94109824099995
07/05/2019,01:14:00,BRONX,48,M,40.85284199500006,-73.88417430999993
07/05/2019,00:10:00,BROOKLYN,75,F,40.67185501100005,-73.88291686099996
07/05/2019,00:10:00,BROOKLYN,75,M,40.67185501100005,-73.88291686099996
07/04/2019,23:22:00,BRONX,46,M,40.85194616000007,-73.91077639999997
07/04/2019,21:16:00,BROOKLYN,67,M,40.63762471600006,-73.94524900899995
07/04/2019,06:20:00,BROOKLYN,67,F,40.65719254700008,-73.91422293299998
07/03/2019,00:04:00,QUEENS,114,M,40.755443005000075,-73.94342324599995
07/03/2019,00:04:00,QUEENS,114,M,40.755443005000075,-73.94342324599995
07/03/2019,00:04:00,QUEENS,114,M,40.755443005000075,-73.94342324599995
07/03/2019,00:04:00,QUEENS,114,M,40.755443005000075,-73.94342324599995
07/03/2019,00:04:00,QUEENS,114,M,40.755443005000075,-73.94342324599995
07/03/2019,00:04:00,QUEENS,114,M,40.755443005000075,-73.94342324599995
07/03/2019,00:04:00,QUEENS,114,M,40.755443005000075,-73.94342324599995
07/03/2019,00:04:00,QUEENS,114,M,40.755443005000075,-73.94342324599995
07/02/2019,05:10:00,BROOKLYN,77,M,40.664717351000036,-73.92823133899999
07/01/2019,22:10:00,BRONX,48,M,40.846043990000055,-73.88759088499995
07/01/2019,17:58:00,MANHATTAN,33,M,40.84321623700004,-73.93728755699995
06/30/2019,21:35:00,QUEENS,101,M,40.60115995800004,-73.75670987699993
06/30/2019,04:24:00,MANHATTAN,10,F,40.74347045500008,-74.00539300399998
06/30/2019,03:33:00,STATEN ISLAND,120,M,40.625306611000035,-74.08164662399997
06/30/2019,01:20:00,BRONX,41,M,40.81254626700007,-73.90126678999997
06/29/2019,18:39:00,BROOKLYN,83,M,40.695750503000056,-73.92941323199994
06/29/2019,06:00:00,BROOKLYN,70,M,40.62560501000007,-73.95759720299998
06/29/2019,05:48:00,BROOKLYN,69,F,40.63367789500006,-73.89435450199994
06/29/2019,05:48:00,BROOKLYN,69,M,40.63367789500006,-73.89435450199994
06/28/2019,17:35:00,BROOKLYN,73,F,40.67111083400005,-73.91356336299998
06/28/2019,17:35:00,BROOKLYN,73,M,40.67111083400005,-73.91356336299998
06/28/2019,12:34:00,BROOKLYN,72,M,40.64122780400004,-74.00539554699995
06/28/2019,04:30:00,QUEENS,110,M,40.73843508200008,-73.86555105999997
06/28/2019,00:26:00,BROOKLYN,83,M,40.70051267600007,-73.92941179699994
06/28/2019,00:25:00,BRONX,42,M,40.833154599000075,-73.90913931099993
06/27/2019,21:02:00,QUEENS,101,M,40.603696297000056,-73.74911276899995
06/27/2019,01:00:00,BRONX,52,M,40.859171900000035,-73.90941104999997
06/27/2019,00:15:00,BRONX,46,M,40.85214118700002,-73.92237572199997
06/26/2019,20:45:00,BROOKLYN,81,M,40.68068575000007,-73.92709647699995
06/26/2019,00:36:00,QUEENS,114,M,40.75493348100008,-73.91039019299996
06/25/2019,22:24:00,BROOKLYN,81,M,40.680948759000046,-73.91820160899994
06/25/2019,16:48:00,QUEENS,108,F,40.74942980400005,-73.90980569899993
06/25/2019,02:55:00,BRONX,42,M,40.834725680000076,-73.89432798599995
06/25/2019,02:55:00,BRONX,42,M,40.834725680000076,-73.89432798599995
06/25/2019,01:20:00,QUEENS,109,M,40.76451021500004,-73.82471319199995
06/25/2019,00:01:00,BRONX,48,M,40.857310106000064,-73.89240146599997
06/24/2019,18:55:00,MANHATTAN,32,M,40.815751186000064,-73.93974841499994
06/24/2019,02:49:00,BRONX,41,M,40.817116189000046,-73.89203291499997
06/24/2019,00:05:00,BROOKLYN,60,M,40.574301425000044,-73.99407278899997
06/23/2019,23:08:00,BRONX,43,M,40.834532695000064,-73.87182548099996
06/23/2019,20:35:00,BRONX,50,M,40.87707565900007,-73.90609965999994
06/23/2019,16:00:00,BRONX,44,M,40.82998817300006,-73.91398933899995
06/23/2019,16:00:00,BRONX,44,M,40.82998817300006,-73.91398933899995
06/23/2019,12:02:00,BROOKLYN,61,M,40.59401905900006,-73.96085431599995
06/23/2019,02:15:00,BRONX,46,M,40.85495236700007,-73.90157978699995
06/23/2019,02:15:00,BRONX,46,M,40.85495236700007,-73.90157978699995
06/23/2019,00:30:00,MANHATTAN,30,M,40.82549764000004,-73.95127310099997
06/22/2019,22:30:00,BRONX,44,F,40.82339303400005,-73.91833724599995
06/22/2019,22:30:00,BRONX,44,M,40.82339303400005,-73.91833724599995
06/22/2019,02:36:00,BROOKLYN,94,M,40.71737668200007,-73.93934673599993
06/21/2019,23:30:00,BRONX,40,M,40.808777943000045,-73.923130702
06/20/2019,19:09:00,BROOKLYN,75,M,40.67281467300006,-73.87167482899997
06/20/2019,19:02:00,BROOKLYN,77,M,40.670320017000044,-73.93376235799997
06/20/2019,19:02:00,BROOKLYN,77,M,40.670320017000044,-73.93376235799997
06/20/2019,17:43:00,BROOKLYN,63,M,40.623535065000056,-73.938542237
06/19/2019,18:01:00,BROOKLYN,73,M,40.67436669500006,-73.91807268799994
06/19/2019,10:40:00,MANHATTAN,5,M,40.71083816400005,-74.000632678
06/18/2019,10:50:00,BROOKLYN,73,M,40.66646466200007,-73.90410359499998
06/17/2019,23:21:00,BROOKLYN,73,M,40.67829303700007,-73.90886718999997
06/17/2019,17:34:00,BRONX,43,M,40.83146892900004,-73.85723973399995
06/17/2019,14:47:00,BROOKLYN,81,M,40.69266153900003,-73.93697840199997
06/15/2019,04:14:00,MANHATTAN,32,M,40.81373916300004,-73.94495240499998
06/15/2019,01:25:00,MANHATTAN,32,M,40.80962885300004,-73.94197557899997
06/14/2019,15:57:00,BROOKLYN,73,M,40.666231521000036,-73.92253800099995
06/14/2019,02:45:00,BRONX,44,M,40.84383164100007,-73.91655562999993
06/13/2019,16:10:00,MANHATTAN,23,M,40.789486555000046,-73.95057358399998
06/13/2019,15:06:00,BROOKLYN,88,M,40.69471530800007,-73.97439044799995
06/12/2019,22:57:00,BROOKLYN,61,M,40.59712056600006,-73.94124921699995
06/12/2019,19:37:00,BROOKLYN,77,M,40.67520450200004,-73.94165270399995
06/12/2019,19:27:00,STATEN ISLAND,121,M,40.635872566000046,-74.16684866599995
06/12/2019,08:09:00,BRONX,49,F,40.86189455900006,-73.85766248
06/12/2019,02:14:00,BROOKLYN,77,M,40.68159892600005,-73.96705837799993
06/11/2019,21:41:00,BROOKLYN,75,M,40.669050105000046,-73.87035911599996
06/10/2019,02:21:00,MANHATTAN,30,M,40.825913006000064,-73.94711752799998
06/10/2019,00:55:00,BROOKLYN,83,M,40.69431327700005,-73.91851337199995
06/10/2019,00:55:00,BROOKLYN,83,M,40.69431327700005,-73.91851337199995
06/09/2019,22:20:00,BRONX,42,M,40.83593960600007,-73.88646598899999
06/09/2019,22:13:00,QUEENS,103,M,40.696501571000056,-73.79387084199995
06/09/2019,20:01:00,BRONX,52,M,40.86370044700004,-73.90572447299998
06/09/2019,02:25:00,MANHATTAN,25,F,40.802765805000035,-73.93957234299995
06/08/2019,22:44:00,STATEN ISLAND,120,M,40.63751722000006,-74.11760587299993
06/08/2019,05:05:00,MANHATTAN,33,M,40.838998278000076,-73.93851306099998
06/08/2019,05:05:00,MANHATTAN,33,M,40.838998278000076,-73.93851306099998
06/08/2019,02:55:00,BROOKLYN,79,F,40.68309197400004,-73.958263731
06/08/2019,00:40:00,BROOKLYN,79,M,40.68162066800004,-73.95796900499995
06/07/2019,22:25:00,BROOKLYN,79,F,40.68831814300006,-73.94543815999998
06/07/2019,22:25:00,BROOKLYN,79,M,40.68831814300006,-73.94543815999998
06/07/2019,17:50:00,BROOKLYN,73,M,40.67982701600005,-73.90842523899995
06/07/2019,17:50:00,BROOKLYN,73,M,40.67982701600005,-73.90842523899995
06/07/2019,17:08:00,MANHATTAN,23,F,40.790746414000076,-73.95063404199995
06/07/2019,10:30:00,BROOKLYN,75,M,40.66930982700006,-73.86944659699995
06/07/2019,00:15:00,BRONX,49,M,40.869408631000056,-73.85042595199997
06/07/2019,00:15:00,BRONX,49,M,40.869408631000056,-73.85042595199997
06/07/2019,00:15:00,BRONX,49,M,40.869408631000056,-73.85042595199997
06/07/2019,00:15:00,BRONX,49,M,40.869408631000056,-73.85042595199997
06/06/2019,17:30:00,BROOKLYN,70,M,40.635141912000044,-73.94789561099998
06/06/2019,00:56:00,BROOKLYN,79,M,40.688154120000036,-73.94685537799995
06/05/2019,23:38:00,QUEENS,105,F,40.676551919000076,-73.75058721799998
06/05/2019,12:20:00,BRONX,40,M,40.80550434700007,-73.91647725199994
06/05/2019,12:20:00,BRONX,40,M,40.80550434700007,-73.91647725199994
06/04/2019,22:50:00,BROOKLYN,88,M,40.69509231700005,-73.979240625
06/04/2019,19:58:00,BRONX,52,M,40.861842730000035,-73.90295060899997
06/04/2019,19:56:00,BROOKLYN,90,F,40.70372081700003,-73.93809683099995
06/04/2019,02:00:00,BRONX,52,F,40.86922302700003,-73.89339456699997
06/03/2019,23:05:00,BRONX,46,M,40.86065555300007,-73.89500620399998
06/03/2019,07:07:00,BROOKLYN,75,M,40.65553848200005,-73.88409879299998
06/02/2019,22:15:00,BROOKLYN,75,M,40.671246534000026,-73.86609385299994
06/02/2019,01:56:00,BRONX,41,M,40.812520134000074,-73.90281300199997
06/01/2019,23:11:00,BROOKLYN,75,M,40.669167307000066,-73.89665221699995
06/01/2019,22:20:00,BROOKLYN,71,M,40.66613283600003,-73.93138385999998
06/01/2019,22:12:00,BRONX,41,M,40.81435102900008,-73.88787562499994
06/01/2019,22:12:00,BRONX,41,M,40.81435102900008,-73.88787562499994
06/01/2019,21:25:00,BRONX,42,M,40.83576922100008,-73.90439441599993
06/01/2019,14:14:00,QUEENS,101,F,40.60327400700004,-73.75310453299994
06/01/2019,14:14:00,QUEENS,101,M,40.60327400700004,-73.75310453299994
06/01/2019,13:45:00,BROOKLYN,77,M,40.673740010000074,-73.95686362099997
06/01/2019,13:45:00,BROOKLYN,77,M,40.673740010000074,-73.95686362099997
06/01/2019,04:47:00,BROOKLYN,73,M,40.682300858000076,-73.91299361299998
05/31/2019,15:55:00,BROOKLYN,79,M,40.68033280500004,-73.93842499899995
05/30/2019,05:35:00,BRONX,46,M,40.847964660000045,-73.91216969999994
05/30/2019,04:33:00,BROOKLYN,67,M,40.65149336800005,-73.92453001199993
05/29/2019,10:15:00,BROOKLYN,60,M,40.58795031200003,-73.98359800899993
05/28/2019,04:15:00,BROOKLYN,75,M,40.663161856000045,-73.87983227999997
05/28/2019,03:10:00,BRONX,40,M,40.80653810100006,-73.918910596
05/28/2019,02:42:00,MANHATTAN,32,M,40.82044551200005,-73.93623234699999
05/28/2019,01:50:00,MANHATTAN,23,M,40.79708858400005,-73.94274857999993
05/28/2019,01:20:00,BROOKLYN,69,M,40.63272816400007,-73.89137286999993
05/27/2019,23:32:00,BRONX,42,M,40.83518158300007,-73.89463443299998
05/27/2019,23:32:00,BRONX,42,M,40.83518158300007,-73.89463443299998
05/27/2019,23:00:00,QUEENS,107,M,40.73578327800004,-73.81062580299994
05/27/2019,20:50:00,BROOKLYN,79,M,40.67924233600007,-73.94218636599999
05/27/2019,20:50:00,BROOKLYN,79,M,40.67924233600007,-73.94218636599999
05/27/2019,18:53:00,BROOKLYN,75,M,40.66560936100007,-73.86661702199996
05/27/2019,18:53:00,BROOKLYN,75,M,40.66560936100007,-73.86661702199996
05/27/2019,18:00:00,BROOKLYN,67,M,40.64204307200004,-73.94960900699994
05/27/2019,18:00:00,BROOKLYN,67,M,40.64204307200004,-73.94960900699994
05/27/2019,02:46:00,QUEENS,113,M,40.70092214400006,-73.75409174199996
05/26/2019,21:22:00,BROOKLYN,71,M,40.665385170000036,-73.93422504099993
05/26/2019,21:01:00,BROOKLYN,75,M,40.68596455800008,-73.87384899899995
05/26/2019,20:08:00,BROOKLYN,75,M,40.66649382600008,-73.88779253999998
05/26/2019,20:08:00,BROOKLYN,75,M,40.66649382600008,-73.88779253999998
05/26/2019,20:08:00,BROOKLYN,75,M,40.66649382600008,-73.88779253999998
05/26/2019,20:08:00,BROOKLYN,75,M,40.66649382600008,-73.88779253999998
05/26/2019,20:08:00,BROOKLYN,75,M,40.66649382600008,-73.88779253999998
05/26/2019,20:08:00,BROOKLYN,75,M,40.66649382600008,-73.88779253999998
05/26/2019,18:44:00,BROOKLYN,67,M,40.64993678900004,-73.92004510699995
05/26/2019,14:00:00,BROOKLYN,77,M,40.668656183000046,-73.92834966199997
05/26/2019,05:21:00,MANHATTAN,23,F,40.78673189800003,-73.94113246799998
05/26/2019,05:21:00,MANHATTAN,23,F,40.78673189800003,-73.94113246799998
05/26/2019,05:21:00,MANHATTAN,23,M,40.78673189800003,-73.94113246799998
05/26/2019,05:21:00,MANHATTAN,23,M,40.78673189800003,-73.94113246799998
05/25/2019,23:58:00,BROOKLYN,75,M,40.66525054900006,-73.890757594
05/25/2019,23:40:00,QUEENS,100,M,40.58989372800004,-73.80807989899995
05/25/2019,00:12:00,MANHATTAN,7,M,40.71626346000005,-73.98407867999998
05/24/2019,22:13:00,BRONX,44,M,40.83202215400007,-73.91795806799998
05/24/2019,20:29:00,BROOKLYN,67,M,40.65232695800007,-73.92751668299998
05/24/2019,16:11:00,BROOKLYN,70,M,40.650808090000055,-73.95881728799998
05/24/2019,00:23:00,BRONX,49,M,40.87047906600003,-73.84625102199995
05/23/2019,20:39:00,BROOKLYN,75,M,40.666359726000046,-73.87487014199995
05/23/2019,19:16:00,MANHATTAN,34,M,40.859806300000045,-73.92962232099995
05/23/2019,01:35:00,BRONX,40,M,40.813292588000024,-73.91471898299993
05/23/2019,00:20:00,BRONX,42,M,40.83763587300007,-73.88932531599994
05/22/2019,22:19:00,MANHATTAN,28,M,40.798483162000025,-73.94914747099993
05/22/2019,21:32:00,BRONX,42,M,40.83850153900005,-73.89950079699997
05/21/2019,22:22:00,BROOKLYN,77,F,40.67066627200006,-73.95797590799998
05/20/2019,18:30:00,BRONX,45,M,40.878075016000025,-73.82595788299993
05/20/2019,04:30:00,QUEENS,108,M,40.74633257700003,-73.94795301199997
05/19/2019,18:37:00,QUEENS,103,M,40.69659211500005,-73.78339071499995
05/19/2019,04:17:00,BROOKLYN,67,M,40.65570853100007,-73.91545382599996
05/19/2019,02:30:00,MANHATTAN,7,M,40.712229008000065,-73.98683547899995
05/18/2019,21:10:00,BRONX,46,M,40.84940928900005,-73.90303019599996
05/18/2019,20:13:00,BROOKLYN,75,M,40.64894086900005,-73.88494631099995
05/18/2019,18:40:00,MANHATTAN,28,M,40.80729586300004,-73.95422681099996
05/18/2019,09:53:00,MANHATTAN,32,F,40.817878452000045,-73.93995242199999
05/18/2019,03:39:00,MANHATTAN,28,M,40.79781318400006,-73.94855204399995
05/17/2019,23:59:00,BRONX,44,M,40.837118743000076,-73.91372714799998
05/17/2019,21:36:00,MANHATTAN,32,M,40.81304536500005,-73.94626073199998
05/16/2019,22:01:00,BRONX,47,M,40.88708918800006,-73.86778566699995
05/16/2019,22:01:00,BRONX,47,M,40.88708918800006,-73.86778566699995
05/16/2019,20:15:00,BROOKLYN,79,M,40.69399523200008,-73.94168313999995
05/16/2019,19:26:00,BROOKLYN,77,M,40.67498697000008,-73.94584562599994
05/15/2019,19:08:00,BRONX,46,M,40.85537769300004,-73.90472771799993
05/15/2019,19:08:00,BRONX,46,M,40.85537769300004,-73.90472771799993
05/15/2019,19:08:00,BRONX,46,M,40.85537769300004,-73.90472771799993
05/15/2019,19:08:00,BRONX,46,M,40.85537769300004,-73.90472771799993
05/14/2019,19:45:00,MANHATTAN,34,M,40.863003221000035,-73.92425384299997
05/14/2019,19:45:00,MANHATTAN,34,M,40.863003221000035,-73.92425384299997
05/14/2019,19:45:00,MANHATTAN,34,M,40.863003221000035,-73.92425384299997
05/14/2019,19:45:00,MANHATTAN,34,M,40.863003221000035,-73.92425384299997
05/11/2019,01:34:00,BRONX,47,M,40.88484355600008,-73.85374008999997
05/09/2019,09:23:00,BROOKLYN,75,M,40.669167307000066,-73.89665221699995
05/09/2019,01:32:00,MANHATTAN,1,M,40.728250797000044,-74.00537012399997
05/09/2019,01:32:00,MANHATTAN,1,M,40.728250797000044,-74.00537012399997
05/04/2019,01:45:00,BRONX,48,M,40.853658463000045,-73.88273420199994
05/03/2019,17:08:00,STATEN ISLAND,121,F,40.63041514200007,-74.14297795599998
05/03/2019,14:24:00,MANHATTAN,28,M,40.80069410200008,-73.95250846999993
05/02/2019,14:35:00,BRONX,42,M,40.83112915700008,-73.89037323199994
05/02/2019,00:23:00,BROOKLYN,75,M,40.67539564000003,-73.88550993999998
05/02/2019,00:19:00,BRONX,46,M,40.85885021100006,-73.90529753999994
04/30/2019,18:29:00,MANHATTAN,25,M,40.810799905000074,-73.93505670199994
04/30/2019,00:13:00,BROOKLYN,90,M,40.712004695000076,-73.95646732699998
04/29/2019,01:36:00,BRONX,44,M,40.84079511700002,-73.92319851599996
04/27/2019,23:54:00,BROOKLYN,67,M,40.65388611000003,-73.95449784399995
04/27/2019,11:36:00,BRONX,48,M,40.84507992600004,-73.89264894999997
04/24/2019,23:15:00,BRONX,44,M,40.83886177100004,-73.91030606099997
04/24/2019,14:58:00,BROOKLYN,71,M,40.662321699000074,-73.93865428399994
04/24/2019,01:44:00,MANHATTAN,28,M,40.80326882400004,-73.94661899399993
04/23/2019,22:54:00,BRONX,47,M,40.882693990000064,-73.83315683199999
04/23/2019,22:53:00,BRONX,42,M,40.837001024000074,-73.90370600899995
04/23/2019,00:18:00,STATEN ISLAND,121,M,40.63898417600007,-74.17125230499995
04/22/2019,23:15:00,BRONX,42,M,40.82670544500007,-73.903522174
04/22/2019,17:20:00,BROOKLYN,81,M,40.680948759000046,-73.91820160899994
04/22/2019,17:01:00,QUEENS,114,M,40.75627543400003,-73.94501432899995
04/21/2019,05:25:00,BRONX,52,M,40.88007108800008,-73.88585904599995
04/20/2019,01:22:00,BRONX,40,M,40.817186588000034,-73.90665021099994
04/20/2019,01:19:00,BROOKLYN,84,M,40.70140601600008,-73.983808132
04/19/2019,17:43:00,QUEENS,105,M,40.694604754000075,-73.73840293399995
04/19/2019,00:12:00,QUEENS,113,M,40.68947265200006,-73.74979967899995
04/19/2019,00:12:00,QUEENS,113,M,40.68947265200006,-73.74979967899995
04/18/2019,23:24:00,BROOKLYN,75,M,40.67066712500008,-73.87564431799996
04/18/2019,22:30:00,MANHATTAN,23,M,40.79330094300008,-73.94876499799993
04/18/2019,21:54:00,MANHATTAN,7,M,40.71774270100008,-73.98279048099994
04/18/2019,19:50:00,BROOKLYN,75,M,40.67546756600007,-73.88066091799993
04/18/2019,18:05:00,BROOKLYN,88,F,40.693497594000064,-73.97916899999996
04/18/2019,16:25:00,MANHATTAN,34,U,40.85476109900002,-73.93351000399997
04/18/2019,13:53:00,QUEENS,108,M,40.746307995000045,-73.91569614099996
04/17/2019,16:34:00,MANHATTAN,7,M,40.712889645000075,-73.98078254999997
04/16/2019,20:20:00,QUEENS,106,M,40.67049408600008,-73.80448103199996
04/16/2019,19:45:00,QUEENS,105,M,40.71817995600002,-73.73613510799998
04/16/2019,17:40:00,QUEENS,114,M,40.76062674100008,-73.93609107899994
04/16/2019,17:12:00,BROOKLYN,77,M,40.67051514900004,-73.92956610799997
04/15/2019,08:34:00,QUEENS,113,M,40.68900458000007,-73.78580605399995
04/15/2019,08:34:00,QUEENS,113,M,40.68900458000007,-73.78580605399995
04/14/2019,18:35:00,MANHATTAN,30,M,40.81950961800004,-73.95358253499995
04/14/2019,14:03:00,BRONX,52,M,40.85967278300007,-73.90428052199997
04/14/2019,03:35:00,MANHATTAN,9,M,40.723392998000065,-73.97625544299996
04/14/2019,03:03:00,BRONX,52,M,40.85938115900007,-73.90679704999997
04/14/2019,00:50:00,BROOKLYN,73,M,40.670168236000045,-73.91572748899993
04/14/2019,00:50:00,BROOKLYN,73,M,40.670168236000045,-73.91572748899993
04/13/2019,06:04:00,QUEENS,103,M,40.695782146000056,-73.79066712199995
04/13/2019,01:50:00,QUEENS,110,M,40.74987737400005,-73.86272726099996
04/13/2019,00:01:00,MANHATTAN,32,F,40.82819756300007,-73.93800993799994
04/11/2019,03:10:00,MANHATTAN,32,M,40.82266444500005,-73.93844143899997
04/10/2019,18:05:00,BRONX,48,M,40.854120099000056,-73.88880988799998
04/10/2019,16:11:00,BROOKLYN,67,M,40.63780446800007,-73.94237719699998
04/09/2019,18:20:00,QUEENS,115,M,40.76122121100008,-73.86723053699995
04/09/2019,12:25:00,BROOKLYN,60,M,40.573763375000055,-73.99287775699997
04/08/2019,21:35:00,BROOKLYN,79,M,40.68657763600004,-73.950812118
04/08/2019,20:35:00,STATEN ISLAND,120,M,40.63404425200008,-74.12360937499993
04/08/2019,19:40:00,BROOKLYN,77,M,40.67349360900005,-73.93486594799998
04/08/2019,16:00:00,BROOKLYN,75,M,40.67746959700002,-73.89899717699996
04/08/2019,11:55:00,QUEENS,115,M,40.74928579900006,-73.87854005699995
04/08/2019,04:25:00,BROOKLYN,71,M,40.65927522700008,-73.93411572899998
04/07/2019,15:27:00,QUEENS,105,M,40.66344036200008,-73.74078877299998
04/07/2019,09:53:00,BROOKLYN,67,M,40.664191948000045,-73.92641162299998
04/07/2019,05:15:00,QUEENS,110,M,40.73533091600007,-73.87545147199995
04/07/2019,05:15:00,QUEENS,110,M,40.73533091600007,-73.87545147199995
04/07/2019,03:15:00,BRONX,47,M,40.88476156000007,-73.84353817799997
04/07/2019,01:45:00,MANHATTAN,32,M,40.814366077000045,-73.93645131899994
04/06/2019,20:20:00,BRONX,40,M,40.82051865600005,-73.92133955099996
04/06/2019,12:58:00,BROOKLYN,88,M,40.69539152700002,-73.97940641699995
04/04/2019,22:35:00,BROOKLYN,67,M,40.656929053000056,-73.92609165799998
04/04/2019,21:10:00,QUEENS,105,M,40.71566436900008,-73.73553543099996
04/03/2019,14:00:00,BRONX,42,M,40.829965609000055,-73.90285617699995
04/03/2019,14:00:00,BRONX,42,M,40.829965609000055,-73.90285617699995
04/01/2019,22:21:00,BRONX,42,M,40.82305580800004,-73.90452830099997
03/31/2019,21:16:00,BROOKLYN,71,M,40.65775788800004,-73.95177405399994
03/31/2019,07:29:00,BROOKLYN,79,F,40.679847490000036,-73.93938447299999
03/31/2019,05:05:00,BROOKLYN,75,M,40.66221332200007,-73.88637599799995
03/31/2019,03:30:00,BRONX,40,M,40.811410352000046,-73.92771191299995
03/30/2019,23:30:00,BROOKLYN,77,M,40.67372507300007,-73.94735355499995
03/30/2019,21:30:00,BROOKLYN,70,M,40.65495097100006,-73.96172317299995
03/30/2019,21:30:00,BROOKLYN,70,M,40.65495097100006,-73.96172317299995
03/30/2019,00:50:00,QUEENS,113,M,40.67998073800004,-73.77623390699993
03/30/2019,00:50:00,QUEENS,113,M,40.67998073800004,-73.77623390699993
03/28/2019,07:45:00,QUEENS,108,M,40.74744008000005,-73.92546794099997
03/27/2019,13:43:00,MANHATTAN,34,M,40.85170536100002,-73.93199489299997
03/26/2019,02:25:00,BROOKLYN,77,M,40.68113428400005,-73.96445548499997
03/25/2019,16:08:00,BRONX,40,M,40.808044688000045,-73.91110256099995
03/24/2019,00:10:00,BROOKLYN,63,M,40.62187333100008,-73.91899084899995
03/23/2019,20:47:00,QUEENS,101,M,40.59586912100008,-73.78189543199994
03/23/2019,15:50:00,BRONX,47,F,40.88680259100005,-73.84687148999996
03/23/2019,05:44:00,BROOKLYN,79,M,40.69754940400002,-73.94671806199995
03/22/2019,22:25:00,BRONX,48,M,40.84264632600008,-73.89368292099994
03/22/2019,22:25:00,BRONX,48,M,40.84264632600008,-73.89368292099994
03/22/2019,22:05:00,BROOKLYN,77,M,40.67895478900005,-73.96398795599998
03/22/2019,15:01:00,BRONX,42,M,40.82736872600003,-73.90240468499995
03/21/2019,21:25:00,BROOKLYN,88,F,40.69577009300008,-73.97825230899997
03/21/2019,18:20:00,BRONX,40,M,40.81428694400006,-73.92364455999996
03/21/2019,18:20:00,BRONX,40,M,40.81428694400006,-73.92364455999996
03/21/2019,04:07:00,BROOKLYN,75,M,40.660813449000045,-73.87829385299993
03/21/2019,03:20:00,BRONX,44,M,40.834516921000045,-73.91770925599997
03/20/2019,21:36:00,QUEENS,105,M,40.683172699000075,-73.74573461299997
03/19/2019,17:21:00,BROOKLYN,75,M,40.66569908600008,-73.88084420599995
03/19/2019,17:21:00,BROOKLYN,75,M,40.66569908600008,-73.88084420599995
03/18/2019,21:33:00,MANHATTAN,28,M,40.803424497000044,-73.95801490799995
03/18/2019,20:08:00,MANHATTAN,23,M,40.794943941000035,-73.94075321199995
03/18/2019,20:08:00,MANHATTAN,23,M,40.794943941000035,-73.94075321199995
03/18/2019,20:08:00,MANHATTAN,23,M,40.794943941000035,-73.94075321199995
03/17/2019,06:30:00,BRONX,47,M,40.88322209000006,-73.84996813899994
03/17/2019,03:38:00,BROOKLYN,75,M,40.67463439800008,-73.88186650699998
03/17/2019,03:37:00,MANHATTAN,25,M,40.79734936800003,-73.93752941099996
03/16/2019,13:30:00,QUEENS,113,M,40.694323792000034,-73.77563402799996
03/16/2019,09:24:00,BROOKLYN,79,M,40.698544411000064,-73.949836781
03/16/2019,00:50:00,MANHATTAN,32,M,40.811986508000075,-73.94757654399997
03/15/2019,11:50:00,QUEENS,112,M,40.718658885000025,-73.83770522999998
03/15/2019,10:19:00,BROOKLYN,75,M,40.66406931200004,-73.89868224799993
03/13/2019,21:17:00,STATEN ISLAND,122,M,40.591616128000055,-74.10912122599996
03/12/2019,23:34:00,BROOKLYN,77,M,40.67081759000007,-73.93511008699994
03/12/2019,22:20:00,BROOKLYN,75,M,40.66671016400005,-73.87405122799998
03/12/2019,08:21:00,BROOKLYN,73,F,40.675727746000064,-73.92149590099996
03/12/2019,01:00:00,BROOKLYN,73,M,40.67003639800004,-73.90842786599995
03/11/2019,21:05:00,BROOKLYN,81,M,40.68210366200003,-73.92120716799997
03/11/2019,16:30:00,BROOKLYN,81,M,40.68756556300008,-73.93895197599994
03/11/2019,16:30:00,BROOKLYN,81,M,40.68756556300008,-73.93895197599994
03/10/2019,22:30:00,BROOKLYN,79,M,40.69575822900004,-73.94928351799997
03/10/2019,05:38:00,MANHATTAN,13,M,40.741651488000045,-73.97816876899999
03/09/2019,15:40:00,QUEENS,109,M,40.76810385400006,-73.82521637499997
03/09/2019,15:40:00,QUEENS,109,M,40.76810385400006,-73.82521637499997
03/09/2019,09:20:00,BRONX,42,M,40.82857810400003,-73.90443726899997
03/09/2019,04:00:00,QUEENS,106,M,40.67987145200004,-73.85112867499998
03/09/2019,02:41:00,MANHATTAN,25,M,40.80025258300003,-73.94140946199997
03/09/2019,01:10:00,BRONX,41,M,40.81563577600008,-73.89693055399994
03/06/2019,20:29:00,BROOKLYN,62,M,40.599292698000056,-73.99174431699998
03/05/2019,23:24:00,BROOKLYN,79,M,40.68835243400008,-73.95490341799997
03/05/2019,22:30:00,QUEENS,105,M,40.66502949200003,-73.76501976899993
03/05/2019,20:04:00,BRONX,44,M,40.84009408900005,-73.91383171199995
03/04/2019,22:22:00,BROOKLYN,81,M,40.680487139000036,-73.92555358299995
03/04/2019,00:40:00,BRONX,45,F,40.86619963500005,-73.82296280999998
03/02/2019,21:30:00,BROOKLYN,75,M,40.67135982000008,-73.88181102299995
03/02/2019,04:20:00,QUEENS,113,M,40.67045812200007,-73.79332768599994
02/28/2019,02:18:00,MANHATTAN,23,M,40.79714228700004,-73.94596657399995
02/27/2019,18:22:00,MANHATTAN,34,M,40.861820186000045,-73.92414673399995
02/26/2019,17:46:00,QUEENS,103,M,40.70284605000006,-73.78704914399998
02/26/2019,16:23:00,BROOKLYN,60,F,40.576995490000044,-73.98152360899995
02/25/2019,11:00:00,QUEENS,112,M,40.73532021200003,-73.84822634799998
02/24/2019,23:20:00,BRONX,44,M,40.83021160200008,-73.91182094199995
02/24/2019,00:10:00,BROOKLYN,73,F,40.66996814200007,-73.90888577399994
02/24/2019,00:10:00,BROOKLYN,73,M,40.66996814200007,-73.90888577399994
02/23/2019,06:29:00,BRONX,43,M,40.81794183300008,-73.84778502199998
02/23/2019,00:27:00,MANHATTAN,32,M,40.81405056600005,-73.93669005299995
02/22/2019,17:44:00,BROOKLYN,70,M,40.63649668200002,-73.95153000199997
02/22/2019,17:03:00,BROOKLYN,67,M,40.65070267000005,-73.91261677899995
02/22/2019,15:30:00,QUEENS,101,F,40.59977297000006,-73.76021875499998
02/22/2019,15:30:00,QUEENS,101,M,40.59977297000006,-73.76021875499998
02/22/2019,05:51:00,QUEENS,109,M,40.753784232000044,-73.83432429699997
02/22/2019,04:11:00,BRONX,46,M,40.84830899400004,-73.90342577999998
02/19/2019,22:27:00,BROOKLYN,81,M,40.67718191900008,-73.92476772999999
02/19/2019,22:27:00,BROOKLYN,81,M,40.67718191900008,-73.92476772999999
02/18/2019,23:49:00,BRONX,40,M,40.82142768200004,-73.91436893199995
02/18/2019,18:16:00,BRONX,47,F,40.89104019400003,-73.83866600699997
02/17/2019,14:08:00,BROOKLYN,63,M,40.63093901600007,-73.91847906599996
02/17/2019,03:00:00,QUEENS,114,M,40.75627543400003,-73.94501432899995
02/16/2019,22:30:00,BRONX,52,M,40.87150490000005,-73.88867234499997
02/14/2019,22:38:00,MANHATTAN,33,M,40.834429577000044,-73.94089151099996
02/12/2019,18:10:00,QUEENS,102,M,40.69433830500003,-73.82696399999998
02/12/2019,18:10:00,QUEENS,102,M,40.69433830500003,-73.82696399999998
02/12/2019,18:10:00,QUEENS,102,M,40.69433830500003,-73.82696399999998
02/12/2019,18:10:00,QUEENS,102,M,40.69433830500003,-73.82696399999998
02/12/2019,11:00:00,BRONX,41,M,40.82280248200004,-73.90032661699999
02/12/2019,02:34:00,QUEENS,109,M,40.75166748000004,-73.83394336999999
02/11/2019,23:16:00,BROOKLYN,75,F,40.674910748000045,-73.87083801799997
02/11/2019,08:50:00,BROOKLYN,75,M,40.67601065700006,-73.86776429099997
02/10/2019,10:52:00,BRONX,42,M,40.82857810400003,-73.90443726899997
02/10/2019,04:40:00,MANHATTAN,34,M,40.869856423000044,-73.91588299999995
02/09/2019,19:00:00,BRONX,49,M,40.86268129200005,-73.86599762999998
02/09/2019,02:00:00,MANHATTAN,23,M,40.797300086000064,-73.94892805999996
02/08/2019,17:00:00,BRONX,40,M,40.81816612400007,-73.90624419799997
02/08/2019,17:00:00,BRONX,40,M,40.81816612400007,-73.90624419799997
02/06/2019,22:26:00,BROOKLYN,81,F,40.67922608300007,-73.92797416799993
02/06/2019,22:26:00,BROOKLYN,81,F,40.67922608300007,-73.92797416799993
02/06/2019,22:26:00,BROOKLYN,81,F,40.67922608300007,-73.92797416799993
02/06/2019,22:26:00,BROOKLYN,81,F,40.67922608300007,-73.92797416799993
02/06/2019,22:26:00,BROOKLYN,81,M,40.67922608300007,-73.92797416799993
02/06/2019,22:26:00,BROOKLYN,81,M,40.67922608300007,-73.92797416799993
02/06/2019,04:52:00,BROOKLYN,90,M,40.70574171900005,-73.93951601999999
02/05/2019,12:03:00,QUEENS,101,M,40.606664855000076,-73.75614960299998
02/04/2019,20:38:00,MANHATTAN,32,M,40.81347401500005,-73.94728636499997
02/04/2019,13:40:00,BROOKLYN,79,M,40.68786431700005,-73.94939048399993
02/04/2019,11:41:00,BROOKLYN,60,F,40.57916262500004,-74.00037223199999
02/04/2019,11:41:00,BROOKLYN,60,F,40.57916262500004,-74.00037223199999
02/04/2019,11:41:00,BROOKLYN,60,M,40.57916262500004,-74.00037223199999
02/04/2019,11:41:00,BROOKLYN,60,M,40.57916262500004,-74.00037223199999
02/03/2019,23:10:00,BROOKLYN,67,M,40.64091307700004,-73.93023512999997
02/03/2019,12:43:00,QUEENS,115,M,40.748424502000034,-73.87648084299997
02/03/2019,12:43:00,QUEENS,115,M,40.748424502000034,-73.87648084299997
02/02/2019,19:40:00,MANHATTAN,23,M,40.79191609100008,-73.94547965999998
02/02/2019,00:45:00,QUEENS,113,M,40.689572726000044,-73.79637672499997
02/02/2019,00:45:00,QUEENS,113,M,40.689572726000044,-73.79637672499997
02/01/2019,19:57:00,MANHATTAN,25,M,40.79862337700007,-73.94374411699994
01/31/2019,18:45:00,QUEENS,105,M,40.65986481400005,-73.75498197399995
01/31/2019,00:15:00,MANHATTAN,33,M,40.83406831000008,-73.94294803999998
01/31/2019,00:15:00,MANHATTAN,33,M,40.83406831000008,-73.94294803999998
01/31/2019,00:15:00,MANHATTAN,33,M,40.83406831000008,-73.94294803999998
01/31/2019,00:15:00,MANHATTAN,33,M,40.83406831000008,-73.94294803999998
01/30/2019,22:54:00,MANHATTAN,34,M,40.85310893600007,-73.92914864499993
01/30/2019,19:02:00,MANHATTAN,34,M,40.86409622000008,-73.92954547499993
01/28/2019,20:36:00,BRONX,43,M,40.820954868000044,-73.85801740899994
01/28/2019,20:36:00,BRONX,43,M,40.820954868000044,-73.85801740899994
01/28/2019,03:14:00,MANHATTAN,34,M,40.86560099800005,-73.91810825999994
01/27/2019,10:44:00,QUEENS,113,M,40.68329518400003,-73.77985358499996
01/27/2019,10:44:00,QUEENS,113,M,40.68329518400003,-73.77985358499996
01/26/2019,20:55:00,BROOKLYN,83,M,40.68751442000007,-73.91464546899994
01/26/2019,16:07:00,BROOKLYN,73,M,40.67111083400005,-73.91356336299998
01/25/2019,23:58:00,BROOKLYN,90,M,40.70164572700002,-73.93801220099994
01/25/2019,01:55:00,QUEENS,106,F,40.66997788500004,-73.82301862099996
01/24/2019,00:42:00,BRONX,47,M,40.878817626000064,-73.86387135299998
01/21/2019,21:30:00,BRONX,47,M,40.87129342900005,-73.85848844499998
01/20/2019,15:10:00,BRONX,41,M,40.820411060000026,-73.89332824199995
01/19/2019,22:25:00,BROOKLYN,94,M,40.71887006600008,-73.93979270399994
01/19/2019,19:30:00,MANHATTAN,23,M,40.79648422100007,-73.94741177999998
01/19/2019,14:36:00,BRONX,43,M,40.82609951400008,-73.87811801099997
01/19/2019,04:00:00,QUEENS,109,M,40.77110109700004,-73.83449783599998
01/19/2019,04:00:00,QUEENS,109,M,40.77110109700004,-73.83449783599998
01/19/2019,00:43:00,MANHATTAN,32,M,40.821236836000026,-73.94309272199997
01/18/2019,18:32:00,BRONX,40,M,40.812866866000036,-73.91810450699995
01/17/2019,13:20:00,BROOKLYN,79,M,40.689048255000046,-73.95861337799995
01/17/2019,13:18:00,BRONX,46,M,40.853303895000074,-73.89966639999993
01/14/2019,17:10:00,BROOKLYN,75,M,40.66769877900003,-73.87964026499998
01/14/2019,17:10:00,BROOKLYN,75,M,40.66769877900003,-73.87964026499998
01/14/2019,11:55:00,BROOKLYN,75,M,40.671361545000025,-73.88624505699994
01/14/2019,11:55:00,BROOKLYN,75,M,40.671361545000025,-73.88624505699994
01/13/2019,22:11:00,QUEENS,113,M,40.697443411000044,-73.75876034299995
01/13/2019,22:11:00,QUEENS,113,M,40.697443411000044,-73.75876034299995
01/13/2019,19:55:00,MANHATTAN,32,M,40.813446445000075,-73.94134727099998
01/13/2019,13:35:00,BROOKLYN,77,M,40.675615872000044,-73.92665858699995
01/13/2019,06:00:00,BROOKLYN,70,M,40.64535093400008,-73.95737565299999
01/13/2019,04:00:00,BROOKLYN,79,M,40.67964380700005,-73.94958420199998
01/12/2019,05:47:00,QUEENS,109,F,40.759411366000045,-73.80317322499997
01/12/2019,05:24:00,BROOKLYN,79,F,40.67849662500004,-73.93856369499997
01/11/2019,15:15:00,BRONX,46,M,40.846529670000045,-73.90925838899994
01/11/2019,01:30:00,BROOKLYN,69,M,40.65119471500003,-73.89692151399998
01/09/2019,05:43:00,BRONX,47,M,40.88055303600004,-73.85329388199995
01/08/2019,11:03:00,BROOKLYN,73,M,40.66838451700004,-73.92011671699998
01/08/2019,00:32:00,BRONX,42,M,40.82946090600007,-73.90657156199995
01/08/2019,00:32:00,BRONX,42,M,40.82946090600007,-73.90657156199995
01/07/2019,19:30:00,QUEENS,107,M,40.72758178300006,-73.81733103899995
01/07/2019,19:19:00,BRONX,48,M,40.841183585000074,-73.87989381599994
01/06/2019,23:36:00,BROOKLYN,60,M,40.57462792900003,-73.99197054399998
01/06/2019,03:00:00,BRONX,43,M,40.821455958000044,-73.86619987399997
01/06/2019,03:00:00,BRONX,43,M,40.821455958000044,-73.86619987399997
01/06/2019,02:46:00,BRONX,41,M,40.821736332000064,-73.89286725999993
01/05/2019,16:00:00,QUEENS,114,M,40.759450567000044,-73.933576266
01/05/2019,01:50:00,BRONX,43,M,40.83121933700004,-73.85087315799996
01/05/2019,00:42:00,STATEN ISLAND,120,M,40.63681896700007,-74.11865312699997
01/04/2019,15:49:00,BROOKLYN,61,M,40.598363825000035,-73.94098525199999
01/04/2019,02:20:00,BROOKLYN,60,M,40.573763375000055,-73.99287775699997
01/03/2019,23:00:00,STATEN ISLAND,121,M,40.624715270000024,-74.16281491499996
01/03/2019,21:00:00,BRONX,49,M,40.871217194000046,-73.85456914199995
01/02/2019,13:34:00,BROOKLYN,79,M,40.69817414000005,-73.94445277199995
01/01/2019,05:40:00,BROOKLYN,88,M,40.69514090800004,-73.975125947
01/01/2019,04:26:00,BROOKLYN,75,M,40.665674700000075,-73.86615550299997
01/01/2019,02:19:00,BRONX,46,M,40.85633063300003,-73.89581193099998
